<?xml version="1.0" encoding="UTF-8"?>
<LinkConfig version="1.50">
    <name>rtc1</name>
    <description/>
    <EmailSettings>
        <address/>
        <options sendOnPassedWithErrors="False"/>
    </EmailSettings>
    <Endpoint ordinal="1">
        <type>HP-ALM</type>
        <epName>HP-ALM</epName>
        <entityName>Defect</entityName>
        <entityType>DEFECT</entityType>
        <ConnectionData>
            <username>karawalla</username>
            <password encryptInitString="/UVpcEgO2J3pxqua+dt6WQ=="
                encrypted="true" value="v/CzsM/jbGA="/>
            <Properties>
                <property name="Domain" value="DEFAULT"/>
                <property name="Project" value="test"/>
                <property name="ServerURL" value="http://localhost:8080/qcbin"/>
            </Properties>
        </ConnectionData>
        <Filters/>
        <Params/>
    </Endpoint>
    <Endpoint ordinal="2">
        <type>RTC</type>
        <epName>RTC</epName>
        <entityName>Defect</entityName>
        <entityType>DEFECT</entityType>
        <ConnectionData>
            <username>karawalla</username>
            <password encryptInitString="/UVpcEgO2J3pxqua+dt6WQ=="
                encrypted="true" value="v/CzsM/jbGA="/>
            <Properties>
                <property name="RTC Proj Area" value="Demo1"/>
                <property name="RTC Repo URL" value="https://192.168.0.16:9443/ccm"/>
            </Properties>
        </ConnectionData>
        <Filters/>
        <Params/>
    </Endpoint>
    <isAutoMode>false</isAutoMode>
    <Schedule>
        <Synchronization enabled="false">
            <FrequentTask frequency="30" units="Minutes"/>
        </Synchronization>
        <ConsistencyCheck enabled="false">
            <TimedTask timeOfDay="23:00"/>
        </ConsistencyCheck>
    </Schedule>
    <SubLinks>
        <SubLink SubType1="NO_SUBTYPE" SubType2="NO_SUBTYPE">
            <Event create="true" delete="IGNORE" ordinal="1" update="true"/>
            <Event create="true" delete="IGNORE" ordinal="2" update="true"/>
        </SubLink>
    </SubLinks>
</LinkConfig>
